WORD_ID,VOCAB_WORD
0,http
1,use
2,list
3,email
4,get
5,mail
6,one
7,free
8,time
9,work
10,messag
11,make
12,like
13,would
14,peopl
15,inform
16,new
17,receiv
18,pleas
19,busi
20,address
21,click
22,want
23,us
24,need
25,order
26,remov
27,also
28,go
29,year
30,send
31,money
32,file
33,compani
34,system
35,name
36,wrote
37,report
38,way
39,user
40,look
41,site
42,chang
43,day
44,know
45,state
46,program
47,may
48,see
49,call
50,could
51,group
52,even
53,think
54,includ
55,linux
56,first
57,offer
58,take
59,say
60,servic
61,right
62,world
63,tri
64,help
65,find
66,internet
67,market
68,product
69,mani
70,much
71,home
72,said
73,softwar
74,web
75,problem
76,date
77,line
78,spam
79,start
80,check
81,number
82,run
83,good
84,thing
85,link
86,well
87,subject
88,phone
89,interest
90,govern
91,person
92,provid
93,set
94,today
95,come
96,million
97,give
98,best
99,server
100,follow
101,back
102,form
103,rate
104,month
105,everi
106,secur
107,gener
108,price
109,url
110,still
111,comput
112,packag
113,instal
114,avail
115,sent
116,code
117,life
118,commun
119,version
120,read
121,sinc
122,ad
123,grant
124,maintain
125,sponsor
126,thank
127,network
128,credit
129,two
130,differ
131,without
132,made
133,develop
134,within
135,support
136,week
137,write
138,save
139,realli
140,case
141,page
142,subscript
143,someth
144,irish
145,current
146,un
147,last
148,anyon
149,onlin
150,complet
151,sure
152,seem
153,card
154,requir
155,build
156,custom
157,manag
158,never
159,de
160,ilug
161,better
162,window
163,keep
164,special
165,point
166,ca
167,place
168,search
169,per
170,anoth
171,found
172,access
173,actual
174,repli
175,result
176,contact
177,question
178,part
179,base
180,futur
181,listmast
182,issu
183,old
184,put
185,wish
186,next
187,long
188,let
189,countri
190,live
191,hour
192,must
193,end
194,invest
195,process
196,easi
197,mean
198,unsubscrib
199,lot
200,unit
201,great
202,got
203,guarante
204,show
205,technolog
206,account
207,nation
208,might
209,power
210,releas
211,legal
212,cost
213,data
214,allow
215,sourc
216,success
217,news
218,engin
219,possibl
220,trade
221,profession
222,idea
223,increas
224,post
225,pay
226,ask
227,advertis
228,public
229,error
230,open
231,websit
232,test
233,opportun
234,real
235,sell
236,ever
237,less
238,respons
239,insur
240,plan
241,design
242,tell
243,visit
244,creat
245,word
246,buy
247,howev
248,reason
249,prefer
250,heaven
251,someon
252,effect
253,aug
254,cd
255,law
256,sale
257,applic
258,improv
259,around
260,instead
261,fact
262,least
263,box
264,dollar
265,ye
266,rpm
267,fix
268,american
269,job
270,copi
271,probabl
272,simpl
273,cours
274,origin
275,believ
276,contain
277,fax
278,move
279,type
280,happen
281,friend
282,though
283,littl
284,total
285,financi
286,welcom
287,share
288,request
289,add
290,exampl
291,client
292,abl
293,els
294,format
295,perl
296,valu
297,anyth
298,alway
299,simpli
300,alreadi
301,high
302,fill
303,protect
304,full
305,cash
306,mailto
307,feel
308,directori
309,import
310,regard
311,purchas
312,stop
313,bit
314,licens
315,signatur
316,note
317,experi
318,intern
319,polici
320,answer
321,exist
322,updat
323,return
324,learn
325,past
326,famili
327,info
328,top
329,sep
330,geek
331,becom
332,ship
333,act
334,age
335,lead
336,instruct
337,small
338,drive
339,suppli
340,control
341,second
342,databas
343,member
344,thousand
345,select
346,low
347,recent
348,incom
349,citi
350,featur
351,etc
352,stuff
353,limit
354,minut
355,industri
356,sever
357,yet
358,done
359,turn
360,folder
361,appli
362,tool
363,continu
364,understand
365,c
366,detail
367,guid
368,everyth
369,noth
370,step
371,exmh
372,oper
373,notic
374,enough
375,big
376,claim
377,e
378,sign
379,care
380,letter
381,caus
382,univers
383,larg
384,key
385,three
386,hard
387,thinkgeek
388,other
389,connect
390,bill
391,record
392,discuss
393,accept
394,thu
395,term
396,via
397,specif
398,play
399,pgp
400,offic
401,talk
402,option
403,text
404,america
405,mayb
406,immedi
407,direct
408,deal
409,download
410,major
411,seen
412,forc
413,hope
414,subscrib
415,comment
416,thought
417,kind
418,individu
419,decid
420,rule
421,plu
422,lose
423,log
424,natur
425,method
426,matter
427,either
428,true
429,risk
430,yahoo
431,rememb
432,assist
433,content
434,rather
435,quot
436,present
437,mime
438,away
439,wait
440,r
441,bank
442,kernel
443,fund
444,hand
445,local
446,project
447,secret
448,hundr
449,loan
450,level
451,train
452,matthia
453,corpor
454,consid
455,research
456,area
457,razor
458,forward
459,august
460,book
461,addit
462,root
463,stori
464,polit
465,machin
466,standard
467,benefit
468,bad
469,target
470,entir
471,quit
472,war
473,suggest
474,document
475,copyright
476,appear
477,presid
478,bodi
479,global
480,author
481,bug
482,posit
483,often
484,expect
485,human
486,distribut
487,mind
488,center
489,juli
490,septemb
491,grow
492,jul
493,ago
494,hit
495,qualiti
496,trust
497,size
498,partner
499,easili
500,absolut
501,island
502,whether
503,pm
504,agent
505,love
506,activ
507,join
508,given
509,b
510,involv
511,solut
512,collect
513,amount
514,happi
515,associ
516,fast
517,domain
518,charg
519,man
520,promot
521,whole
522,dvd
523,sort
524,earn
525,far
526,later
527,fork
528,parti
529,feder
530,hi
531,submit
532,upon
533,mortgag
534,potenti
535,wed
536,meet
537,wrong
538,refer
539,enter
540,nice
541,load
542,tm
543,social
544,transact
545,john
546,econom
547,singl
548,almost
549,publish
550,wonder
551,red
552,discov
553,reach
554,everyon
555,close
556,view
557,fail
558,pass
559,execut
560,sound
561,privat
562,depend
563,perform
564,profit
565,women
566,broadcast
567,attack
568,newslett
569,automat
570,relat
571,paid
572,effort
573,contract
574,statement
575,delet
576,mark
577,media
578,foreign
579,begin
580,compil
581,sequenc
582,final
583,regist
584,miss
585,bush
586,spamassassin
587,x
588,figur
589,cell
590,handl
591,command
592,stock
593,header
594,locat
595,similar
596,action
597,pick
598,game
599,tuesday
600,display
601,templ
602,transfer
603,disk
604,wo
605,hat
606,chri
607,produc
608,digit
609,event
610,soon
611,known
612,track
613,print
614,articl
615,longer
616,tax
617,properti
618,function
619,mention
620,pretti
621,toner
622,commiss
623,default
624,store
625,dear
626,men
627,pc
628,debt
629,oblig
630,hous
631,microsoft
632,respect
633,sun
634,upgrad
635,script
636,due
637,organ
638,imag
639,enenkio
640,bulk
641,weight
642,payment
643,administr
644,health
645,freedom
646,along
647,daili
648,bonu
649,net
650,practic
651,cartridg
652,worth
653,offici
654,propos
655,capit
656,billion
657,usa
658,languag
659,resourc
660,came
661,strategi
662,leav
663,half
664,anyway
665,late
666,exactli
667,platform
668,concern
669,street
670,clear
671,remain
672,html
673,assum
674,devic
675,car
676,lost
677,ok
678,tire
679,review
680,la
681,ignor
682,tue
683,head
684,interact
685,hear
686,respond
687,went
688,deliv
689,taken
690,tablet
691,independ
692,perhap
693,configur
694,clean
695,bring
696,compar
697,qualifi
698,averag
699,watch
700,fine
701,space
702,press
703,invok
704,expens
705,recommend
706,retail
707,short
708,school
709,fee
710,n
711,fall
712,field
713,host
714,enabl
715,membership
716,memori
717,consult
718,guess
719,huge
720,extrem
721,suit
722,usual
723,edit
724,xml
725,choos
726,warn
727,advantag
728,except
729,agre
730,common
731,port
732,en
733,materi
734,normal
735,region
736,educ
737,abil
738,side
739,basic
740,announc
741,fri
742,drop
743,le
744,although
745,guy
746,dream
747,five
748,paper
749,cheer
750,item
751,told
752,spend
753,hold
754,growth
755,main
756,vulner
757,readi
758,model
759,electron
760,win
761,replac
762,confidenti
763,face
764,left
765,interfac
766,studi
767,unseen
768,altern
769,loss
770,mon
771,reserv
772,safe
773,accord
774,kingdom
775,intend
776,choic
777,approv
778,implement
779,rest
780,id
781,multipl
782,histori
783,oz
784,situat
785,commerci
786,moment
787,extra
788,quick
789,section
790,employ
791,insid
792,investig
793,combin
794,togeth
795,chanc
796,initi
797,pictur
798,purpos
799,coupl
800,advanc
801,goe
802,msg
803,confirm
804,j
805,break
806,util
807,court
808,unless
809,monday
810,across
811,avoid
812,particular
813,object
814,burn
815,fals
816,energi
817,score
818,express
819,male
820,video
821,india
822,societi
823,et
824,indic
825,owner
826,took
827,count
828,sens
829,p
830,correct
831,agenc
832,directli
833,filter
834,speed
835,anywher
836,die
837,procedur
838,profil
839,variou
840,four
841,uniqu
842,seek
843,match
844,especi
845,period
846,black
847,ventur
848,gpl
849,sex
850,consum
851,kevin
852,piec
853,spammer
854,certain
855,whatev
856,investor
857,behalf
858,explain
859,class
860,knowledg
861,popul
862,adam
863,setup
864,color
865,remot
866,oh
867,cut
868,gain
869,latest
870,tip
871,dagga
872,atol
873,unison
874,militari
875,block
876,ftp
877,googl
878,marshal
879,unix
880,gari
881,lawrenc
882,south
883,patch
884,tv
885,team
886,establish
887,switch
888,smoke
889,shop
890,valuabl
891,java
892,ragga
893,imagin
894,aaaaaaaaaaaaaaaaaaaaaaaaaaaaaaaaaaaaaaaaaaaaaaaaaaaaaaaaaaaaaaaaaaaaaaaaaaaa
895,prevent
896,integr
897,robert
898,third
899,attempt
900,boot
901,prepar
902,particip
903,folk
904,privaci
905,will
906,necessari
907,sorri
908,hardwar
909,manual
910,heard
911,sometim
912,bottl
913,congress
914,screen
915,york
916,reduc
917,saou
918,tag
919,china
920,certainli
921,night
922,sa
923,fastest
924,stand
925,depart
926,backup
927,cover
928,suppos
929,enjoy
930,valid
931,obtain
932,regul
933,alb
934,seriou
935,goal
936,driver
937,mass
938,path
939,competit
940,lower
941,amaz
942,capabl
943,botan
944,land
945,fulli
946,promis
947,h
948,speak
949,poor
950,medic
951,extend
952,traffic
953,scienc
954,apolog
955,deathtospamdeathtospamdeathtospam
956,introduc
957,lowest
958,describ
959,movi
960,defin
961,paul
962,titl
963,troubl
964,exchang
965,neg
966,film
967,cv
968,easier
969,os
970,rang
971,osdn
972,wireless
973,f
974,decis
975,sender
976,death
977,approach
978,technic
979,predict
980,six
981,earli
982,murphi
983,quickli
984,written
985,white
986,redhat
987,fortun
988,commit
989,fat
990,beberg
991,telephon
992,worri
993,king
994,sold
995,im
996,kill
997,judgment
998,firm
999,uk
1000,mobil
1001,ham
1002,apt
1003,music
1004,michael
1005,seventh
1006,ensur
1007,economi
1008,north
1009,premium
1010,attach
1011,opinion
1012,desir
1013,father
1014,faster
1015,player
1016,librari
1017,definit
1018,archiv
1019,button
1020,adult
1021,achiev
1022,argument
1023,appar
1024,techniqu
1025,travel
1026,enterpris
1027,bar
1028,separ
1029,demand
1030,cooper
1031,threat
1032,deserv
1033,board
1034,browser
1035,modul
1036,hello
1037,outsid
1038,condit
1039,anim
1040,estat
1041,terrorist
1042,elimin
1043,stay
1044,david
1045,wide
1046,attent
1047,dave
1048,enhanc
1049,drug
1050,children
1051,pain
1052,determin
1053,repres
1054,expert
1055,cabl
1056,wall
1057,virtual
1058,declar
1059,environ
1060,gnupg
1061,washington
1062,held
1063,monthli
1064,modifi
1065,sincer
1066,kid
1067,permiss
1068,fun
1069,danger
1070,signific
1071,confid
1072,relev
1073,w
1074,g
1075,iii
1076,l
1077,diet
1078,canada
1079,programm
1080,rich
1081,air
1082,sum
1083,cat
1084,exclus
1085,equip
1086,cc
1087,none
1088,forev
1089,proven
1090,popular
1091,excel
1092,justin
1093,bottom
1094,bitbitch
1095,central
1096,expand
1097,paragraph
1098,usd
1099,skip
1100,centuri
1101,friday
1102,sexual
1103,factor
1104,string
1105,relationship
1106,anybodi
1107,monitor
1108,near
1109,challeng
1110,identifi
1111,appreci
1112,director
1113,terror
1114,behind
1115,toward
1116,excit
1117,asset
1118,girl
1119,exercis
1120,perfect
1121,confer
1122,rh
1123,whose
1124,citizen
1125,unsolicit
1126,among
1127,discoveri
1128,rais
1129,progress
1130,defens
1131,thread
1132,fit
1133,sampl
1134,road
1135,hettinga
1136,rel
1137,difficult
1138,west
1139,lender
1140,illeg
1141,photo
1142,colleg
1143,partit
1144,intellig
1145,spain
1146,entri
1147,earth
1148,tie
1149,solv
1150,octob
1151,acquir
1152,serv
1153,chief
1154,reader
1155,william
1156,strong
1157,confus
1158,seri
1159,measur
1160,stupid
1161,verifi
1162,tree
1163,largest
1164,smart
1165,fair
1166,european
1167,refin
1168,instant
1169,extract
1170,mode
1171,french
1172,san
1173,peac
1174,built
1175,sweet
1176,regular
1177,equival
1178,conveni
1179,reliabl
1180,slow
1181,mac
1182,resid
1183,laptop
1184,oct
1185,lock
1186,procmail
1187,dead
1188,inlin
1189,suse
1190,brian
1191,datapow
1192,tradit
1193,categori
1194,graphic
1195,warranti
1196,africa
1197,front
1198,tim
1199,ident
1200,voic
1201,cach
1202,leader
1203,deliveri
1204,europ
1205,ten
1206,useless
1207,femal
1208,pattern
1209,evid
1210,emerg
1211,realiz
1212,capillari
1213,annuiti
1214,gnu
1215,art
1216,campaign
1217,desktop
1218,fire
1219,compat
1220,occur
1221,statu
1222,gift
1223,therefor
1224,cultur
1225,abus
1226,young
1227,physic
1228,higher
1229,previous
1230,revenu
1231,concept
1232,satellit
1233,institut
1234,herba
1235,inde
1236,aid
1237,convers
1238,thursday
1239,launch
1240,june
1241,brand
1242,walk
1243,deposit
1244,nigeria
1245,contribut
1246,otherwis
1247,degre
1248,concentr
1249,roll
1250,ms
1251,doubt
1252,yeah
1253,classifi
1254,arriv
1255,honor
1256,former
1257,wife
1258,weapon
1259,echo
1260,unlimit
1261,forget
1262,pacif
1263,indian
1264,repositori
1265,carri
1266,background
1267,compet
1268,listen
1269,fight
1270,conflict
1271,affili
1272,token
1273,recipi
1274,critic
1275,sat
1276,discount
1277,extens
1278,surpris
1279,tech
1280,percent
1281,password
1282,storag
1283,unfortun
1284,isp
1285,app
1286,powel
1287,basi
1288,sleep
1289,assur
1290,jabber
1291,succeed
1292,hermio
1293,detect
1294,effici
1295,sit
1296,civil
1297,water
1298,hot
1299,kept
1300,garrigu
1301,panel
1302,printer
1303,output
1304,substanti
1305,intro
1306,alsa
1307,scan
1308,menu
1309,worldwid
1310,ip
1311,jm
1312,pull
1313,attract
1314,light
1315,enemi
1316,descript
1317,proprietari
1318,catch
1319,mine
1320,inc
1321,tabl
1322,wednesday
1323,v
1324,advic
1325,nobodi
1326,god
1327,index
1328,revers
1329,disabl
1330,saw
1331,pudg
1332,joe
1333,truth
1334,analysi
1335,vendor
1336,patent
1337,structur
1338,agreement
1339,gone
1340,manufactur
1341,euro
1342,seven
1343,specifi
1344,franc
1345,balanc
1346,room
1347,morn
1348,lack
1349,cool
1350,vote
1351,alon
1352,jame
1353,decad
1354,teach
1355,k
1356,obvious
1357,boston
1358,editor
1359,california
1360,wast
1361,whitelist
1362,charact
1363,awar
1364,gold
1365,polic
1366,zip
1367,treat
1368,innov
1369,construct
1370,financ
1371,clue
1372,career
1373,theori
1374,temperatur
1375,journal
1376,ga
1377,u
1378,insert
1379,highli
1380,tom
1381,trick
1382,encourag
1383,incred
1384,ultim
1385,touch
1386,middl
1387,int
1388,gcc
1389,afford
1390,impress
1391,constitut
1392,son
1393,spec
1394,greater
1395,flag
1396,correspond
1397,brain
1398,usag
1399,attorney
1400,anymor
1401,ebay
1402,peni
1403,cent
1404,dan
1405,previou
1406,blank
1407,input
1408,blood
1409,trial
1410,boy
1411,jim
1412,summari
1413,wake
1414,annual
1415,mother
1416,larger
1417,master
1418,greg
1419,hp
1420,mechan
1421,mike
1422,el
1423,suffer
1424,urgent
1425,cbyi
1426,stream
1427,democrat
1428,hate
1429,cheap
1430,pound
1431,focu
1432,perman
1433,advis
1434,skeptic
1435,php
1436,judg
1437,smtp
1438,flow
1439,mostli
1440,particularli
1441,varieti
1442,star
1443,speech
1444,suspect
1445,underwrit
1446,behavior
1447,obviou
1448,instanc
1449,vacat
1450,wealth
1451,delay
1452,dynam
1453,mistak
1454,percentag
1455,dark
1456,comfort
1457,earlier
1458,toni
1459,eye
1460,binari
1461,republ
1462,keyboard
1463,destruct
1464,warm
1465,super
1466,telecom
1467,laserjet
1468,mailer
1469,woman
1470,rock
1471,termin
1472,firewal
1473,reveal
1474,arm
1475,ban
1476,ireland
1477,channel
1478,rick
1479,affect
1480,knew
1481,se
1482,tend
1483,english
1484,motiv
1485,heart
1486,consolid
1487,steve
1488,essenti
1489,char
1490,rss
1491,vipul
1492,alli
1493,btw
1494,skill
1495,domest
1496,floppi
1497,principl
1498,prospect
1499,consist
1500,recogn
1501,beta
1502,pack
1503,style
1504,estim
1505,lawyer
1506,highlight
1507,prompt
1508,wing
1509,core
1510,invit
1511,opt
1512,magazin
1513,somewher
1514,gnome
1515,lifetim
1516,dell
1517,nearli
1518,unlik
1519,pipe
1520,eventu
1521,bonus
1522,defend
1523,planta
1524,comprehens
1525,staff
1526,role
1527,beat
1528,vehicl
1529,task
1530,fl
1531,ftoc
1532,sensit
1533,modern
1534,despit
1535,pocket
1536,dn
1537,march
1538,roman
1539,biggest
1540,ground
1541,modem
1542,eat
1543,restor
1544,babi
1545,teledynam
1546,histor
1547,food
1548,audio
1549,map
1550,clearli
1551,hair
1552,python
1553,strongli
1554,picasso
1555,suck
1556,complianc
1557,impact
1558,commentari
1559,favor
1560,strength
1561,bind
1562,convert
1563,revis
1564,fresh
1565,eval
1566,minimum
1567,peter
1568,british
1569,shown
1570,mlm
1571,interview
1572,config
1573,met
1574,exploit
1575,coverag
1576,dragon
1577,conserv
1578,senior
1579,employe
1580,mailbox
1581,liber
1582,truli
1583,spot
1584,dont
1585,mile
1586,equal
1587,failur
1588,doctor
1589,texa
1590,stabl
1591,everybodi
1592,beyond
1593,instantli
1594,permit
1595,protocol
1596,font
1597,gave
1598,reli
1599,tape
1600,q
1601,synchron
1602,auto
1603,optim
1604,visa
1605,consider
1606,tx
1607,brought
1608,typic
1609,signal
1610,al
1611,calcul
1612,variabl
1613,geeg
1614,led
1615,revok
1616,expir
1617,crash
1618,showcas
1619,exact
1620,draw
1621,startup
1622,distanc
1623,translat
1624,dial
1625,proper
1626,chines
1627,worst
1628,stylu
1629,broker
1630,extern
1631,spent
1632,annoy
1633,favorit
1634,plant
1635,evil
1636,yesterday
1637,imposs
1638,finish
1639,hidden
1640,neighbor
1641,boss
1642,crimin
1643,prove
1644,z
1645,foundat
1646,repair
1647,sir
1648,strang
1649,feet
1650,artist
1651,sole
1652,pop
1653,retriev
1654,rare
1655,netscap
1656,acknowledg
1657,bigger
1658,ran
1659,bearer
1660,somebodi
1661,safeti
1662,autom
1663,planet
1664,rebuild
1665,scientist
1666,hack
1667,england
1668,serious
1669,portion
1670,equiti
1671,evalu
1672,hell
1673,rob
1674,properli
1675,edward
1676,beauti
1677,poverti
1678,guidelin
1679,sport
1680,hotel
1681,antiqu
1682,scheme
1683,summer
1684,explor
1685,lie
1686,strip
1687,gentl
1688,hire
1689,push
1690,restrict
1691,ii
1692,jump
1693,station
1694,iiu
1695,climat
1696,chicago
1697,sunday
1698,bell
1699,prescript
1700,spread
1701,minor
1702,correctli
1703,para
1704,lo
1705,mount
1706,epson
1707,headlin
1708,student
1709,entertain
1710,shape
1711,fundament
1712,currenc
1713,recruit
1714,becam
1715,vou
1716,primari
1717,threaten
1718,radio
1719,diseas
1720,craig
1721,spamd
1722,seed
1723,merchant
1724,proxi
1725,damag
1726,herb
1727,happier
1728,architectur
1729,protest
1730,laser
1731,hang
1732,husband
1733,mainten
1734,resum
1735,recal
1736,corpu
1737,remedi
1738,settlement
1739,disclaim
1740,stick
1741,doubl
1742,vast
1743,feroc
1744,exit
1745,viagra
1746,buyer
1747,van
1748,plug
1749,sendmail
1750,prioriti
1751,muscl
1752,fantasi
1753,laugh
1754,faith
1755,dozen
1756,georg
1757,creativ
1758,ticket
1759,hall
1760,western
1761,prior
1762,reg
1763,somehow
1764,ssh
1765,luck
1766,wors
1767,green
1768,feedback
1769,disappear
1770,moor
1771,angl
1772,camera
1773,symbol
1774,oil
1775,seminar
1776,feed
1777,reject
1778,usb
1779,realiti
1780,bother
1781,child
1782,tel
1783,aspect
1784,batteri
1785,broken
1786,norton
1787,kathmandu
1788,anonym
1789,hormon
1790,pour
1791,supplement
1792,substanc
1793,entrepreneur
1794,parent
1795,perfectli
1796,authent
1797,arrang
1798,committe
1799,doc
1800,democraci
1801,acceler
1802,shall
1803,allianc
1804,encrypt
1805,convent
1806,appeal
1807,eugen
1808,shot
1809,argu
1810,serial
1811,funni
1812,à
1813,legitim
1814,phrase
1815,statist
1816,observ
1817,convinc
1818,electr
1819,shock
1820,slightli
1821,mozilla
1822,neither
1823,park
1824,random
1825,sponsorship
1826,barcelona
1827,auction
1828,award
1829,edg
1830,nort
1831,highest
1832,strictli
1833,edificio
1834,ie
1835,appropri
1836,meant
1837,door
1838,east
1839,merg
1840,frame
1841,queri
1842,hey
1843,empir
1844,resolv
1845,refund
1846,solari
1847,surviv
1848,tomorrow
1849,fear
1850,union
1851,damn
1852,capac
1853,lesson
1854,kelli
1855,bear
1856,smaller
1857,stabil
1858,repeat
1859,survey
1860,daniel
1861,carrier
1862,aphrodisia
1863,postal
1864,volum
1865,pressur
1866,hunt
1867,alter
1868,weekend
1869,arrest
1870,bought
1871,te
1872,mr
1873,strike
1874,trip
1875,mason
1876,declin
1877,owen
1878,virus
1879,aggress
1880,twice
1881,odd
1882,amend
1883,herbal
1884,banner
1885,fairli
1886,farquhar
1887,pablo
1888,prosaka
1889,appl
1890,gmt
1891,cold
1892,welch
1893,testimoni
1894,exclud
1895,complain
1896,cancel
1897,race
1898,inbox
1899,ah
1900,compon
1901,harm
1902,nt
1903,januari
1904,promiscu
1905,zero
1906,winner
1907,licenc
1908,easiest
1909,violat
1910,duplic
1911,ratio
1912,formula
1913,mirror
1914,algorithm
1915,reduct
1916,presum
1917,audienc
1918,mh
1919,bandwidth
1920,vari
1921,debian
1922,genet
1923,deni
1924,viru
1925,nativ
1926,round
1927,hmm
1928,bunch
1929,farm
1930,scam
1931,honest
1932,md
1933,spray
1934,blog
1935,pill
1936,brief
1937,renew
1938,club
1939,split
1940,partnership
1941,sea
1942,austin
1943,approxim
1944,vjestika
1945,precis
1946,analyst
1947,label
1948,martin
1949,reboot
1950,gay
1951,bankruptci
1952,â
1953,possess
1954,elsewher
1955,compens
1956,gibbon
1957,tab
1958,iraq
1959,saturday
1960,grand
1961,blue
1962,reward
1963,gordon
1964,msgid
1965,weekli
1966,invent
1967,massiv
1968,mous
1969,lift
1970,roger
1971,deploy
1972,envelop
1973,plugin
1974,buffer
1975,processor
1976,porn
1977,dramat
1978,empti
1979,dig
1980,prohibit
1981,environment
1982,writer
1983,sm
1984,ps
1985,agreeabl
1986,that
1987,millionair
1988,rohit
1989,anytim
1990,inconveni
1991,complex
1992,nvidia
1993,infrastructur
1994,retir
1995,fuck
1996,apart
1997,religion
1998,adopt
1999,aol
2000,ibm
2001,cancer
2002,collabor
2003,engag
2004,inspir
2005,flash
2006,plenti
2007,northern
2008,shell
2009,conduct
2010,ministri
2011,justic
2012,schedul
2013,satisfi
2014,thoma
2015,african
2016,length
2017,assembl
2018,cycl
2019,solicit
2020,harley
2021,rout
2022,swap
2023,distro
2024,bound
2025,experienc
2026,henc
2027,excess
2028,began
2029,onto
2030,img
2031,own
2032,acquisit
2033,farmer
2034,clock
2035,self
2036,mere
2037,candid
2038,encount
2039,rose
2040,duncan
2041,enforc
2042,guido
2043,famou
2044,conclud
2045,russian
2046,kate
2047,pointer
2048,liter
2049,homeown
2050,wholesal
2051,london
2052,demonstr
2053,grab
2054,straight
2055,domin
2056,televis
2057,scale
2058,elect
2059,transform
2060,newspap
2061,prosper
2062,deep
2063,evolv
2064,attend
2065,registr
2066,minim
2067,throw
2068,christian
2069,rank
2070,unabl
2071,oppos
2072,murder
2073,chat
2074,preserv
2075,receipt
2076,hors
2077,mix
2078,lawsuit
2079,context
2080,buck
2081,colleagu
2082,niall
2083,toll
2084,boost
2085,glad
2086,wave
2087,da
2088,proof
2089,attain
2090,remark
2091,loop
2092,valhalla
2093,co
2094,russia
2095,skin
2096,entiti
2097,crime
2098,resel
2099,blame
2100,assert
2101,routin
2102,corrupt
2103,religi
2104,passphras
2105,newsgroup
2106,tune
2107,habea
2108,numer
2109,glm
2110,abacha
2111,brent
2112,asia
2113,webmast
2114,paypal
2115,vircio
2116,mathemat
2117,replica
2118,accur
2119,marshalles
2120,forest
2121,moral
2122,inkjet
2123,scientif
2124,icq
2125,destroy
2126,tast
2127,rise
2128,visitor
2129,chart
2130,na
2131,mountain
2132,ben
2133,brother
2134,frequent
2135,heavi
2136,hash
2137,yield
2138,song
2139,victim
2140,column
2141,yellow
2142,embed
2143,jar
2144,regardless
2145,joseph
2146,bless
2147,null
2148,po
2149,bu
2150,sheet
2151,throughout
2152,hint
2153,formal
2154,incompat
2155,limbo
2156,freebsd
2157,remind
2158,trace
2159,pro
2160,aim
2161,classic
2162,consequ
2163,mess
2164,town
2165,drink
2166,labor
2167,bay
2168,chip
2169,dog
2170,amateur
2171,logic
2172,pure
2173,branch
2174,export
2175,satisfact
2176,exhibit
2177,est
2178,violenc
2179,felt
2180,negoti
2181,imho
2182,assign
2183,joke
2184,que
2185,topic
2186,adapt
2187,opposit
2188,ladi
2189,exceed
2190,prize
2191,spamtrap
2192,gambl
2193,coast
2194,pars
2195,worker
2196,spirit
2197,il
2198,syntax
2199,smoker
2200,privileg
2201,crap
2202,decemb
2203,focus
2204,specialist
2205,stamp
2206,stage
2207,incorpor
2208,battl
2209,appoint
2210,lib
2211,batch
2212,byte
2213,fan
2214,cheaper
2215,pa
2216,vice
2217,tremend
2218,complic
2219,pursu
2220,circumst
2221,dublin
2222,alert
2223,jodi
2224,struggl
2225,okay
2226,goto
2227,compress
2228,affair
2229,alan
2230,trivial
2231,lover
2232,unknown
2233,caught
2234,strengthen
2235,intel
2236,chairman
2237,compel
2238,truck
2239,admit
2240,entitl
2241,ui
2242,airlin
2243,moder
2244,riaa
2245,florida
2246,bet
2247,keyword
2248,sophist
2249,liberti
2250,sur
2251,older
2252,boundari
2253,loos
2254,gather
2255,unwant
2256,kit
2257,ahead
2258,hole
2259,penni
2260,wear
2261,britain
2262,owe
2263,belief
2264,transmiss
2265,margin
2266,sector
2267,mastercard
2268,muslim
2269,trend
2270,pioneer
2271,album
2272,surfac
2273,airport
2274,ved
2275,australia
2276,ownership
2277,ideal
2278,disclosur
2279,suffici
2280,dump
2281,overal
2282,stress
2283,outlook
2284,encod
2285,pickl
2286,assumpt
2287,wa
2288,mplayer
2289,palestinian
2290,adjust
2291,dice
2292,scott
2293,weather
2294,maximum
2295,tin
2296,majesti
2297,raw
2298,reform
2299,stephen
2300,timeout
2301,marri
2302,weak
2303,jack
2304,msn
2305,lay
2306,refus
2307,ice
2308,relay
2309,maker
2310,hawaii
2311,egg
2312,debug
2313,influenc
2314,sentenc
2315,chain
2316,captur
2317,curv
2318,magic
2319,propag
2320,finger
2321,portabl
2322,schuman
2323,ne
2324,wealthi
2325,retain
2326,ou
2327,endeavor
2328,catalog
2329,mandat
2330,patrick
2331,dinosaur
2332,weird
2333,silli
2334,depress
2335,heck
2336,admin
2337,frustrat
2338,shout
2339,vision
2340,bone
2341,session
2342,trademark
2343,submiss
2344,crack
2345,explan
2346,astronom
2347,holiday
2348,spring
2349,lilo
2350,whatsoev
2351,virginia
2352,gpg
2353,unusu
2354,ar
2355,circl
2356,movement
2357,intellectu
2358,latter
2359,hacker
2360,mysql
2361,casino
2362,settl
2363,outstand
2364,minist
2365,rapidli
2366,spambay
2367,fli
2368,randomli
2369,belong
2370,inexpens
2371,ram
2372,tower
2373,hospit
2374,ethic
2375,speaker
2376,besid
2377,rah
2378,francisco
2379,scratch
2380,corner
2381,bomb
2382,api
2383,buri
2384,joint
2385,fuel
2386,theme
2387,iroijlaplap
2388,organis
2389,scholarship
2390,pentium
2391,recognit
2392,germani
2393,intent
2394,lean
2395,hide
2396,expos
2397,du
2398,openssl
2399,proceed
2400,preced
2401,xxx
2402,necessarili
2403,snore
2404,abandon
2405,thirti
2406,plane
2407,igtt
2408,ce
2409,formul
2410,celebr
2411,tivo
2412,ton
2413,constant
2414,twenti
2415,ez
2416,ir
2417,prob
2418,greatest
2419,jeremi
2420,wild
2421,dr
2422,richard
2423,framework
2424,tweak
2425,fp
2426,greet
2427,relax
2428,marriag
2429,arg
2430,german
2431,jurisdict
2432,recov
2433,japan
2434,une
2435,conclus
2436,openssh
2437,armi
2438,forum
2439,season
2440,draft
2441,bsd
2442,maxim
2443,es
2444,element
2445,harvest
2446,trader
2447,hook
2448,ximian
2449,scenario
2450,tobacco
2451,commerc
2452,everywher
2453,ratak
2454,crazi
2455,advisor
2456,render
2457,contest
2458,rm
2459,burner
2460,telecommun
2461,con
2462,raid
2463,leas
2464,murjel
2465,invalid
2466,council
2467,dedic
2468,scope
2469,asian
2470,notifi
2471,fashion
2472,distributor
2473,potent
2474,pci
2475,decreas
2476,zone
2477,anthoni
2478,milter
2479,angel
2480,elig
2481,magnitud
2482,flight
2483,bob
2484,pleasur
2485,subsequ
2486,capitalist
2487,boom
2488,mutual
2489,shoot
2490,bond
2491,maxaman
2492,till
2493,quarter
2494,layer
2495,freez
2496,multimedia
2497,apach
2498,analog
2499,wisdom
